id,first_name,last_name,email,gender,ip_address
1,Fanni,Benbow,fbenbow0@constantcontact.com,Genderfluid,5.127.171.103
2,Nicola,Burdekin,nburdekin1@opera.com,Genderqueer,82.233.14.161
3,Benedict,Horche,bhorche2@constantcontact.com,Non-binary,154.220.139.44
4,Gregoor,Ponsford,gponsford3@whitehouse.gov,Genderqueer,109.157.226.188
5,Rick,Brydell,rbrydell4@furl.net,Polygender,94.156.29.123
6,Herb,Samme,hsamme5@reference.com,Polygender,155.80.232.175
7,Elliott,Curm,ecurm6@apache.org,Non-binary,34.151.237.94
8,Jannel,Soldi,jsoldi7@cyberchimps.com,Non-binary,232.78.36.29
9,Marcus,Schlagman,mschlagman8@cnet.com,Genderfluid,62.90.121.49
10,Roth,Pettegre,rpettegre9@wikipedia.org,Bigender,158.243.244.107
11,Allianora,McAllan,amcallana@about.com,Polygender,129.111.236.26
12,Burk,Murrison,bmurrisonb@arizona.edu,Polygender,8.242.57.130
13,Delaney,Conlaund,dconlaundc@scientificamerican.com,Genderqueer,82.133.31.179
14,James,Hallsworth,jhallsworthd@comcast.net,Male,12.26.240.92
15,Dolf,Rainy,drainye@ox.ac.uk,Polygender,170.89.244.20
16,Mellisa,Yon,myonf@state.gov,Genderfluid,80.110.250.63
17,Troy,Porcas,tporcasg@unc.edu,Bigender,28.24.88.1
18,Serena,Tabner,stabnerh@google.de,Polygender,42.226.139.93
19,Elijah,Trobridge,etrobridgei@jigsy.com,Bigender,196.209.73.44
20,Hashim,Branton,hbrantonj@123-reg.co.uk,Genderqueer,136.149.2.174
21,Sibby,Petrushkevich,spetrushkevichk@wunderground.com,Female,13.174.48.244
22,Roseanna,Reilinger,rreilingerl@gravatar.com,Female,22.55.241.218
23,Clywd,Boddis,cboddism@patch.com,Polygender,190.176.227.8
24,Hymie,Moyler,hmoylern@army.mil,Genderqueer,67.246.13.123
25,Emmeline,Skeermer,eskeermero@storify.com,Female,10.125.122.156
26,Moses,Oldknowe,moldknowep@smh.com.au,Genderfluid,58.4.93.41
27,Gwenette,Northage,gnorthageq@cisco.com,Bigender,12.250.109.237
28,Lindsay,Danilevich,ldanilevichr@bigcartel.com,Genderfluid,83.128.149.234
29,Phedra,Hainey`,phaineys@nytimes.com,Bigender,131.254.94.34
30,Gustaf,Davidowich,gdavidowicht@nymag.com,Male,116.87.223.194
31,Tami,O'Sheilds,tosheildsu@slideshare.net,Genderqueer,174.156.163.251
32,Adelind,Badham,abadhamv@washingtonpost.com,Agender,154.208.185.54
33,Germaine,Stallen,gstallenw@tripadvisor.com,Non-binary,85.84.217.84
34,Lannie,Czaja,lczajax@123-reg.co.uk,Non-binary,1.154.244.100
35,Rochelle,Truesdale,rtruesdaley@multiply.com,Agender,101.59.19.53
36,Fernanda,Ayris,fayrisz@msn.com,Male,171.238.10.62
37,Kacy,Fibbens,kfibbens10@foxnews.com,Genderfluid,204.111.192.196
38,Martynne,Farrier,mfarrier11@stumbleupon.com,Male,16.196.146.248
39,Iorgos,Pritchitt,ipritchitt12@goo.ne.jp,Genderfluid,108.182.33.194
40,Corina,Whates,cwhates13@aol.com,Female,46.164.185.118
41,Sadie,Hutfield,shutfield14@nasa.gov,Agender,225.81.208.210
42,Iormina,Ismay,iismay15@nature.com,Agender,143.144.249.205
43,Hilly,Mustoo,hmustoo16@princeton.edu,Female,49.75.66.2
44,Melisse,Geraldez,mgeraldez17@google.pl,Polygender,160.179.253.111
45,Vinnie,Condell,vcondell18@tamu.edu,Bigender,76.183.20.207
46,Clare,Hardey,chardey19@blogtalkradio.com,Female,1.128.99.251
47,Glenn,Bwy,gbwy1a@rambler.ru,Bigender,37.45.198.0
48,Berna,Pasterfield,bpasterfield1b@ow.ly,Genderfluid,207.29.175.92
49,Austina,Scipsey,ascipsey1c@berkeley.edu,Male,135.235.44.200
50,Devina,Hancorn,dhancorn1d@freewebs.com,Non-binary,1.244.31.229
51,Bobby,Bole,bbole1e@privacy.gov.au,Female,30.174.107.205
52,Carol-jean,Guiet,cguiet1f@soundcloud.com,Female,113.240.158.198
53,Betti,Bredgeland,bbredgeland1g@yale.edu,Non-binary,208.251.172.222
54,Karin,Hackforth,khackforth1h@soundcloud.com,Male,152.11.252.110
55,Julius,Grigor,jgrigor1i@wix.com,Genderfluid,84.4.246.24
56,Petr,Romans,promans1j@nbcnews.com,Polygender,30.255.216.210
57,Friederike,Broadfield,fbroadfield1k@phoca.cz,Non-binary,107.163.113.183
58,Cesaro,Hodcroft,chodcroft1l@npr.org,Male,31.235.114.18
59,Harlene,Newdick,hnewdick1m@ameblo.jp,Male,198.91.185.13
60,Kirby,Van Leijs,kvanleijs1n@w3.org,Non-binary,95.203.42.127
61,Malissia,McPhail,mmcphail1o@alexa.com,Non-binary,170.56.1.183
62,Erda,Billings,ebillings1p@europa.eu,Polygender,124.71.55.11
63,Siusan,Ziehm,sziehm1q@state.gov,Bigender,80.92.249.246
64,Maryanna,Bigmore,mbigmore1r@accuweather.com,Male,84.129.86.90
65,Seana,Denniston,sdenniston1s@ebay.co.uk,Genderqueer,100.196.146.160
66,Charyl,Rennocks,crennocks1t@nih.gov,Genderqueer,196.106.187.94
67,Paddie,Kemster,pkemster1u@washington.edu,Genderqueer,144.123.70.206
68,Gilbertina,Scholtis,gscholtis1v@bloomberg.com,Genderqueer,234.145.9.176
69,Paton,Asche,pasche1w@japanpost.jp,Genderqueer,50.125.204.96
70,Laurena,Dawltrey,ldawltrey1x@census.gov,Genderfluid,49.160.57.185
71,Catharine,Sambells,csambells1y@forbes.com,Genderqueer,42.191.72.135
72,Cordula,Trevains,ctrevains1z@chicagotribune.com,Agender,227.83.97.156
73,Mahala,Morville,mmorville20@merriam-webster.com,Genderqueer,67.24.183.35
74,Emelen,Jeanet,ejeanet21@jalbum.net,Female,145.37.75.53
75,Cirillo,Prewett,cprewett22@ocn.ne.jp,Bigender,42.55.192.198
76,Garold,Tupper,gtupper23@merriam-webster.com,Agender,139.235.214.35
77,Evonne,Vairow,evairow24@ucla.edu,Genderqueer,57.114.208.68
78,Cory,Parminter,cparminter25@constantcontact.com,Male,246.213.100.90
79,Horten,Beardshall,hbeardshall26@examiner.com,Genderfluid,195.11.213.200
80,Alisa,Comley,acomley27@facebook.com,Female,92.5.1.225
81,Riki,Esterbrook,resterbrook28@deviantart.com,Non-binary,244.203.113.80
82,Billi,Lorman,blorman29@gnu.org,Genderfluid,127.185.75.71
83,Hyacinthia,Hanlon,hhanlon2a@123-reg.co.uk,Male,251.11.195.198
84,Marion,Andrivel,mandrivel2b@eventbrite.com,Genderfluid,172.101.65.206
85,Grace,Rogeron,grogeron2c@surveymonkey.com,Genderqueer,204.176.150.39
86,Gaspard,Dummett,gdummett2d@msu.edu,Female,115.66.157.39
87,Arnaldo,Mountain,amountain2e@canalblog.com,Genderfluid,177.47.20.19
88,Sandor,Sheryne,ssheryne2f@reverbnation.com,Polygender,162.7.90.206
89,Woodrow,Sarfati,wsarfati2g@slate.com,Non-binary,133.159.52.49
90,Mildrid,Edgerton,medgerton2h@columbia.edu,Genderqueer,36.182.136.251
91,Marjory,Grimsdith,mgrimsdith2i@weather.com,Non-binary,190.26.110.155
92,Smitty,Wanstall,swanstall2j@europa.eu,Genderqueer,100.6.112.82
93,Chantalle,Blest,cblest2k@themeforest.net,Polygender,178.51.111.241
94,Charlotta,Sherebrook,csherebrook2l@jigsy.com,Female,67.99.90.202
95,Weylin,Longhurst,wlonghurst2m@typepad.com,Male,21.6.143.159
96,Tally,Kollasch,tkollasch2n@nature.com,Female,114.79.30.4
97,Wallis,Ronnay,wronnay2o@technorati.com,Genderfluid,97.35.232.244
98,Orelie,Cutmare,ocutmare2p@craigslist.org,Genderfluid,217.55.167.94
99,Benny,Boddam,bboddam2q@constantcontact.com,Bigender,208.31.201.97
100,Rudd,Pass,rpass2r@yahoo.co.jp,Non-binary,27.106.240.151
101,Thedric,Pittaway,tpittaway2s@cmu.edu,Bigender,70.216.238.174
102,Halley,Duignan,hduignan2t@trellian.com,Non-binary,76.0.238.191
103,Sophie,Adhams,sadhams2u@sina.com.cn,Female,67.135.55.30
104,Shirley,Videler,svideler2v@sciencedirect.com,Non-binary,30.143.230.147
105,Carlene,Luther,cluther2w@xing.com,Genderqueer,91.184.29.184
106,Mallory,Swannick,mswannick2x@dailymail.co.uk,Non-binary,24.25.122.59
107,Brig,Daley,bdaley2y@arizona.edu,Non-binary,105.12.123.165
108,Bale,Paliser,bpaliser2z@nbcnews.com,Female,109.174.152.177
109,Cyrillus,Derill,cderill30@about.com,Genderfluid,156.185.153.86
110,Cherise,Seabon,cseabon31@mozilla.com,Genderqueer,216.94.210.231
111,Juanita,Skaif,jskaif32@creativecommons.org,Bigender,155.117.249.144
112,Chevalier,McLinden,cmclinden33@fastcompany.com,Genderqueer,215.51.93.127
113,Melinda,Cordeau],mcordeau34@feedburner.com,Genderqueer,92.104.166.130
114,Flossie,Firsby,ffirsby35@arstechnica.com,Bigender,213.193.71.106
115,Jennie,Schirak,jschirak36@apple.com,Genderfluid,78.31.106.245
116,Ingra,Mahy,imahy37@ow.ly,Agender,240.18.44.179
117,Ester,Best,ebest38@amazon.co.uk,Bigender,152.136.237.16
118,Lynnell,Weal,lweal39@ox.ac.uk,Polygender,18.233.82.195
119,Cointon,Mullan,cmullan3a@cdc.gov,Genderfluid,223.145.158.33
120,Gerald,Oake,goake3b@tinyurl.com,Bigender,208.220.247.75
121,Jake,Mulberry,jmulberry3c@icio.us,Male,68.137.161.5
122,Myriam,Hutcheon,mhutcheon3d@jimdo.com,Female,246.40.159.247
123,Jonis,Borlease,jborlease3e@ameblo.jp,Non-binary,108.71.61.245
124,Jewell,Sallnow,jsallnow3f@flavors.me,Genderfluid,206.221.8.74
125,Millicent,Gutans,mgutans3g@washingtonpost.com,Genderqueer,99.117.124.140
126,Basile,Faulconer,bfaulconer3h@tiny.cc,Genderqueer,172.225.58.57
127,Ernesto,Tregenza,etregenza3i@google.es,Male,32.165.223.17
128,Ophelie,Oganesian,ooganesian3j@nba.com,Genderfluid,230.75.116.131
129,Talbert,Sparshett,tsparshett3k@mlb.com,Non-binary,22.201.162.182
130,Arlette,Blackstock,ablackstock3l@weibo.com,Non-binary,12.68.130.145
131,Walt,Quick,wquick3m@google.fr,Agender,237.239.236.171
132,Imogene,McMurdo,imcmurdo3n@google.co.jp,Bigender,42.179.113.143
133,Vinny,Autin,vautin3o@ocn.ne.jp,Male,235.69.228.193
134,Kenon,Kaindl,kkaindl3p@biglobe.ne.jp,Male,171.83.66.23
135,Jule,Beyer,jbeyer3q@eventbrite.com,Polygender,202.235.220.75
136,Kylen,Gartery,kgartery3r@wufoo.com,Bigender,194.185.189.6
137,Marlie,Stappard,mstappard3s@shinystat.com,Female,33.105.103.204
138,Laurel,Harrinson,lharrinson3t@nasa.gov,Agender,19.181.95.216
139,Lauritz,Selbie,lselbie3u@phoca.cz,Genderfluid,99.105.248.30
140,Gwenore,O'Haire,gohaire3v@cam.ac.uk,Genderfluid,43.247.102.151
141,Karol,Vuitte,kvuitte3w@yahoo.co.jp,Polygender,103.141.170.21
142,Ranice,Banford,rbanford3x@tripadvisor.com,Agender,213.235.233.150
143,Ariel,Newlin,anewlin3y@redcross.org,Male,180.239.140.160
144,Caritta,Bartosiak,cbartosiak3z@geocities.jp,Polygender,130.227.48.24
145,Charil,Skellington,cskellington40@last.fm,Genderfluid,47.243.177.18
146,Edgar,Heinish,eheinish41@cnet.com,Genderfluid,185.175.219.109
147,Billye,Mayne,bmayne42@bbc.co.uk,Genderqueer,58.130.219.122
148,Jenilee,Cruess,jcruess43@state.gov,Bigender,174.243.28.236
149,Ase,Solomonides,asolomonides44@yandex.ru,Genderqueer,135.26.145.113
150,Olenolin,Feore,ofeore45@jimdo.com,Female,67.57.104.234
151,Nanni,Ruoff,nruoff46@jigsy.com,Genderqueer,230.71.248.115
152,Terrence,Skylett,tskylett47@nyu.edu,Genderfluid,31.145.120.146
153,Robbert,Tims,rtims48@forbes.com,Polygender,6.28.118.125
154,Nari,Jilliss,njilliss49@irs.gov,Bigender,55.45.61.123
155,Roxanne,Landeg,rlandeg4a@surveymonkey.com,Genderqueer,86.128.106.169
156,Stephanus,Axleby,saxleby4b@google.pl,Bigender,207.163.107.176
157,Anya,Espinoy,aespinoy4c@hubpages.com,Polygender,171.180.21.220
158,Skylar,Liver,sliver4d@utexas.edu,Agender,217.239.214.21
159,Marlene,Zavattari,mzavattari4e@admin.ch,Non-binary,199.29.87.244
160,Lorry,Statton,lstatton4f@nationalgeographic.com,Bigender,107.126.46.166
161,Evanne,Couzens,ecouzens4g@ehow.com,Agender,144.69.116.133
162,Blayne,Shoute,bshoute4h@theatlantic.com,Agender,8.223.251.214
163,Elmo,Delbergue,edelbergue4i@usatoday.com,Non-binary,47.211.182.189
164,Benyamin,Dmitriev,bdmitriev4j@plala.or.jp,Bigender,185.64.135.202
165,Melonie,Jeanes,mjeanes4k@hhs.gov,Genderfluid,19.6.30.157
166,Lorrie,Roisen,lroisen4l@tuttocitta.it,Polygender,190.95.21.36
167,Delly,Wrenn,dwrenn4m@yolasite.com,Male,248.88.198.39
168,Gris,Rhodus,grhodus4n@nydailynews.com,Female,30.187.48.78
169,Vevay,Poleye,vpoleye4o@cbc.ca,Female,158.57.23.190
170,Marian,Brewins,mbrewins4p@blinklist.com,Non-binary,96.191.94.198
171,Erroll,Yerrall,eyerrall4q@quantcast.com,Female,148.150.56.203
172,Efrem,Laurenson,elaurenson4r@google.com.br,Genderfluid,115.23.218.194
173,Zed,Colthurst,zcolthurst4s@si.edu,Non-binary,110.77.216.147
174,Trent,Bohlmann,tbohlmann4t@naver.com,Agender,164.19.101.228
175,Kenyon,Fossitt,kfossitt4u@paypal.com,Bigender,14.185.215.58
176,Suzi,Brownsall,sbrownsall4v@people.com.cn,Female,22.186.56.211
177,Meggie,Bedford,mbedford4w@de.vu,Genderfluid,156.168.231.90
178,Sarena,Lashbrook,slashbrook4x@merriam-webster.com,Polygender,41.223.14.133
179,Irvin,Dunbobin,idunbobin4y@google.com.hk,Polygender,204.92.129.30
180,Kayle,Arnaldy,karnaldy4z@va.gov,Male,66.169.72.9
181,Fanya,Morkham,fmorkham50@godaddy.com,Bigender,251.212.83.30
182,Tabbi,McColl,tmccoll51@ucsd.edu,Genderqueer,147.251.100.225
183,Paddie,McTrustrie,pmctrustrie52@gmpg.org,Polygender,123.172.137.123
184,Lacee,Snaddin,lsnaddin53@bbb.org,Female,44.56.117.153
185,Ulrich,Colliford,ucolliford54@vimeo.com,Male,222.234.124.179
186,Marcie,Aldersea,maldersea55@edublogs.org,Male,123.174.130.69
187,Abbot,Olley,aolley56@vistaprint.com,Non-binary,156.156.29.166
188,Kevon,Duer,kduer57@naver.com,Non-binary,44.97.159.137
189,Dianna,Pochet,dpochet58@statcounter.com,Agender,128.40.41.147
190,Torre,Pountain,tpountain59@sakura.ne.jp,Non-binary,38.210.1.136
191,Mattie,Arons,marons5a@wisc.edu,Genderfluid,163.75.224.28
192,Peggy,Trim,ptrim5b@a8.net,Polygender,224.244.116.18
193,Nannie,Ziemecki,nziemecki5c@blinklist.com,Agender,17.64.191.114
194,Devin,Costen,dcosten5d@infoseek.co.jp,Polygender,34.117.243.75
195,Hale,Mathou,hmathou5e@yolasite.com,Bigender,43.186.214.254
196,Anselma,Corbin,acorbin5f@earthlink.net,Genderqueer,11.103.63.59
197,Sula,Lansly,slansly5g@ucla.edu,Female,132.209.45.38
198,Caroline,Kindall,ckindall5h@drupal.org,Bigender,168.84.231.111
199,Vittorio,St. Leger,vstleger5i@so-net.ne.jp,Bigender,70.36.213.53
200,Isahella,McGeady,imcgeady5j@fda.gov,Male,42.250.134.208
201,Cristian,Haselgrove,chaselgrove5k@ask.com,Male,130.107.17.76
202,Alison,Mogey,amogey5l@yelp.com,Female,29.200.169.76
203,Marisa,Sample,msample5m@addtoany.com,Genderqueer,211.106.130.108
204,Harold,Hollyard,hhollyard5n@godaddy.com,Male,73.69.65.198
205,Ulrika,Boules,uboules5o@columbia.edu,Genderqueer,207.31.205.200
206,Elsbeth,Shropshire,eshropshire5p@irs.gov,Bigender,24.185.132.162
207,Lorne,Paige,lpaige5q@yellowpages.com,Male,246.249.39.53
208,Cilka,Gittus,cgittus5r@psu.edu,Male,90.56.34.154
209,Naomi,Probets,nprobets5s@gravatar.com,Genderqueer,196.134.83.199
210,Jae,Dirand,jdirand5t@rediff.com,Non-binary,19.47.183.85
211,Cathrine,Painter,cpainter5u@amazon.co.jp,Polygender,173.153.21.11
212,Constantine,Elsy,celsy5v@economist.com,Genderqueer,75.251.85.108
213,Chandra,Matuszyk,cmatuszyk5w@google.es,Genderfluid,175.187.64.29
214,Marthena,Sivyour,msivyour5x@instagram.com,Agender,22.181.51.116
215,Poul,Hilbourne,philbourne5y@nationalgeographic.com,Bigender,229.111.136.173
216,Leonard,Sleith,lsleith5z@cbc.ca,Non-binary,211.60.240.38
217,Meier,Bennedsen,mbennedsen60@about.me,Non-binary,233.197.129.190
218,Dare,Yallowley,dyallowley61@yahoo.co.jp,Male,122.121.143.37
219,Gayel,Aleksandrikin,galeksandrikin62@51.la,Bigender,28.91.77.122
220,Eolande,Sarle,esarle63@wired.com,Female,250.86.94.175
221,Riki,Preston,rpreston64@disqus.com,Agender,178.255.53.202
222,Kaye,Banister,kbanister65@opera.com,Male,246.26.24.195
223,Junina,Norcutt,jnorcutt66@geocities.com,Female,240.65.186.10
224,Sergeant,Talks,stalks67@eepurl.com,Bigender,240.47.36.124
225,Nikki,Polglaze,npolglaze68@jalbum.net,Polygender,207.80.9.69
226,Alia,Clarridge,aclarridge69@nationalgeographic.com,Polygender,181.208.75.3
227,Gaye,Mutimer,gmutimer6a@tumblr.com,Bigender,236.139.148.170
228,Heidie,Boatswain,hboatswain6b@wordpress.com,Bigender,51.251.194.114
229,Darwin,Woodworth,dwoodworth6c@trellian.com,Genderqueer,13.1.230.198
230,Ginelle,Chesterfield,gchesterfield6d@blog.com,Genderfluid,231.240.226.220
231,Alyssa,Enos,aenos6e@bigcartel.com,Genderqueer,1.202.38.70
232,Jere,Allicock,jallicock6f@hugedomains.com,Agender,105.86.247.15
233,Quintina,Adamowicz,qadamowicz6g@google.com.br,Bigender,24.255.180.68
234,Theresa,Reedick,treedick6h@xinhuanet.com,Agender,163.199.250.163
235,Tobiah,Clemmey,tclemmey6i@123-reg.co.uk,Genderqueer,63.242.53.31
236,Biddie,Naptin,bnaptin6j@aol.com,Male,36.194.248.119
237,Dore,Ormond,dormond6k@twitpic.com,Genderqueer,203.201.182.180
238,Karissa,Galler,kgaller6l@i2i.jp,Female,57.141.52.150
239,Kaila,Polamontayne,kpolamontayne6m@globo.com,Genderfluid,201.173.68.117
240,Rafi,Yakebovich,ryakebovich6n@cargocollective.com,Non-binary,213.202.125.6
241,Jermayne,Charnick,jcharnick6o@diigo.com,Male,65.33.243.120
242,Mariette,Craigmyle,mcraigmyle6p@pagesperso-orange.fr,Polygender,199.143.137.213
243,Benjy,Kemball,bkemball6q@youtube.com,Polygender,117.235.195.0
244,Klarika,Mergue,kmergue6r@theatlantic.com,Agender,207.59.190.250
245,Guy,Castlake,gcastlake6s@webnode.com,Bigender,125.182.218.111
246,Genevra,Temby,gtemby6t@so-net.ne.jp,Male,64.46.56.136
247,Celisse,Piner,cpiner6u@amazon.de,Polygender,182.159.102.248
248,Sven,Prantl,sprantl6v@nasa.gov,Genderfluid,1.232.170.112
249,Wittie,Flute,wflute6w@livejournal.com,Genderqueer,241.107.206.216
250,Domenico,Yantsev,dyantsev6x@sitemeter.com,Polygender,57.66.196.140
251,Vince,Noraway,vnoraway6y@ed.gov,Non-binary,163.225.170.31
252,Celestine,Eake,ceake6z@eventbrite.com,Non-binary,121.83.133.191
253,Elenore,Penburton,epenburton70@ustream.tv,Agender,182.197.10.153
254,Betty,Minnette,bminnette71@oracle.com,Genderfluid,182.93.217.1
255,Yuri,Ree,yree72@delicious.com,Genderqueer,153.225.216.170
256,Auguste,Steers,asteers73@e-recht24.de,Female,64.213.50.20
257,Dedie,Bidder,dbidder74@domainmarket.com,Polygender,161.136.251.202
258,Lou,Markl,lmarkl75@fotki.com,Genderfluid,141.68.130.74
259,Willette,Campbell-Dunlop,wcampbelldunlop76@cdc.gov,Genderfluid,147.192.19.143
260,Dulcia,Zanassi,dzanassi77@dagondesign.com,Female,142.36.147.134
261,Petunia,Ausiello,pausiello78@guardian.co.uk,Genderqueer,52.225.51.241
262,Carlin,Delaprelle,cdelaprelle79@wisc.edu,Polygender,163.200.241.57
263,Heloise,Backler,hbackler7a@a8.net,Female,108.44.10.246
264,Chev,De Mars,cdemars7b@apple.com,Female,84.106.181.197
265,Bernadette,Yggo,byggo7c@mashable.com,Genderqueer,70.163.107.222
266,Tiff,Weal,tweal7d@irs.gov,Agender,182.53.67.50
267,Martelle,Stanistreet,mstanistreet7e@mapy.cz,Genderfluid,200.169.135.240
268,Karol,Childerley,kchilderley7f@archive.org,Male,34.161.246.41
269,Ailis,Kolakowski,akolakowski7g@ebay.co.uk,Genderqueer,213.43.146.234
270,Elberta,Hugonet,ehugonet7h@rakuten.co.jp,Bigender,169.166.97.86
271,Tallie,Founds,tfounds7i@tinypic.com,Genderfluid,195.1.87.169
272,Devland,Van Eeden,dvaneeden7j@deviantart.com,Bigender,76.0.42.113
273,Atlante,Giorgiutti,agiorgiutti7k@skyrock.com,Agender,26.82.5.129
274,Jami,Joerning,jjoerning7l@yolasite.com,Female,52.59.134.224
275,Terrell,Boorne,tboorne7m@amazonaws.com,Non-binary,169.139.220.114
276,Trixie,Proffitt,tproffitt7n@eventbrite.com,Polygender,55.205.53.52
277,Lydon,Durbin,ldurbin7o@cocolog-nifty.com,Female,207.191.6.131
278,Jaye,Whooley,jwhooley7p@bloomberg.com,Male,194.78.132.102
279,Carny,Standering,cstandering7q@ebay.co.uk,Male,219.166.130.30
280,Marney,Dumper,mdumper7r@github.io,Female,146.194.252.72
281,Link,Lafferty,llafferty7s@live.com,Female,241.142.252.202
282,Sascha,Side,sside7t@seattletimes.com,Female,70.243.13.254
283,Wolfgang,Boddington,wboddington7u@homestead.com,Female,98.84.5.123
284,Cissy,Acreman,cacreman7v@ftc.gov,Polygender,221.53.100.49
285,Liva,Tully,ltully7w@discuz.net,Agender,187.66.181.175
286,Minna,Casarini,mcasarini7x@wufoo.com,Polygender,70.141.193.219
287,Arabel,Veall,aveall7y@cnet.com,Genderfluid,24.142.4.53
288,Christian,Stobbes,cstobbes7z@studiopress.com,Male,104.41.85.248
289,Viole,Gout,vgout80@google.it,Polygender,162.190.94.26
290,Stephine,Hovey,shovey81@arstechnica.com,Non-binary,44.30.22.220
291,Mackenzie,Grimsdike,mgrimsdike82@google.pl,Agender,135.158.176.15
292,Ranee,Eccleshall,reccleshall83@state.gov,Female,161.59.75.245
293,Evelin,Bremond,ebremond84@networksolutions.com,Genderqueer,184.193.147.26
294,Gustavus,Peschmann,gpeschmann85@dion.ne.jp,Genderfluid,226.19.160.77
295,Hortense,Fucher,hfucher86@dmoz.org,Genderqueer,121.104.31.231
296,Leila,Liepina,lliepina87@shop-pro.jp,Female,66.4.164.76
297,Ian,Plant,iplant88@wikipedia.org,Bigender,196.133.185.104
298,Aksel,Konke,akonke89@time.com,Bigender,7.178.63.199
299,Susanna,Hulme,shulme8a@google.com.hk,Female,118.254.105.149
300,Duane,Schimon,dschimon8b@wired.com,Agender,186.72.109.78
301,Veradis,Colmer,vcolmer8c@linkedin.com,Non-binary,101.178.87.38
302,Brade,Margrem,bmargrem8d@multiply.com,Non-binary,238.249.143.175
303,Link,Gauson,lgauson8e@linkedin.com,Genderqueer,120.27.220.91
304,Twila,Gieves,tgieves8f@businessinsider.com,Genderfluid,113.162.135.3
305,Nonna,Potebury,npotebury8g@sfgate.com,Agender,9.126.195.233
306,Leeland,Packham,lpackham8h@ovh.net,Male,178.133.36.195
307,Clarita,Tapner,ctapner8i@goodreads.com,Agender,204.227.160.176
308,Anthia,Verdon,averdon8j@etsy.com,Male,70.161.67.187
309,Nessie,Parysiak,nparysiak8k@hp.com,Polygender,171.155.84.38
310,Trula,Ghiroldi,tghiroldi8l@dot.gov,Bigender,20.188.45.218
311,Price,Easom,peasom8m@pbs.org,Bigender,85.31.80.24
312,Devondra,Korneev,dkorneev8n@shinystat.com,Non-binary,40.56.0.111
313,Howard,Deniskevich,hdeniskevich8o@answers.com,Female,198.78.235.116
314,Sebastian,Scotford,sscotford8p@cbslocal.com,Male,102.87.134.195
315,Thomasin,Meegan,tmeegan8q@google.com,Non-binary,72.8.78.1
316,Lotti,Grigolashvill,lgrigolashvill8r@ask.com,Bigender,0.191.46.212
317,Emmey,McAlinden,emcalinden8s@t.co,Bigender,190.93.232.161
318,Gretta,Durrance,gdurrance8t@pinterest.com,Male,38.42.238.224
319,Shermy,Wellstead,swellstead8u@bravesites.com,Genderfluid,31.45.182.169
320,Prudy,Chieze,pchieze8v@networkadvertising.org,Male,163.68.154.132
321,Sherill,Reah,sreah8w@mit.edu,Male,154.186.249.80
322,Casi,Whaplington,cwhaplington8x@theguardian.com,Non-binary,131.208.19.55
323,Carmen,Rothermel,crothermel8y@nationalgeographic.com,Male,205.40.130.93
324,Nikolas,Kinnerk,nkinnerk8z@foxnews.com,Non-binary,134.107.88.205
325,Hogan,Kobiela,hkobiela90@google.cn,Genderqueer,148.129.24.167
326,Dario,Richold,drichold91@alexa.com,Bigender,221.25.175.153
327,Sibel,Greenhough,sgreenhough92@youtu.be,Bigender,160.237.13.122
328,Norene,Halligan,nhalligan93@apple.com,Polygender,160.100.33.208
329,Yolanda,Dreger,ydreger94@sfgate.com,Male,89.252.106.231
330,Feodora,Kilgrew,fkilgrew95@baidu.com,Agender,119.163.146.174
331,Carmita,Choak,cchoak96@nymag.com,Non-binary,162.122.179.14
332,Morgen,Ditzel,mditzel97@hud.gov,Bigender,66.91.148.219
333,Odell,Danelet,odanelet98@privacy.gov.au,Bigender,77.187.106.154
334,Lia,Dawtre,ldawtre99@chronoengine.com,Male,102.109.107.189
335,Fredrick,De Marchi,fdemarchi9a@bloglines.com,Genderfluid,0.31.47.176
336,Justino,Soares,jsoares9b@oakley.com,Agender,91.155.254.223
337,Blithe,Diess,bdiess9c@altervista.org,Genderqueer,138.210.160.149
338,Caesar,Suston,csuston9d@trellian.com,Male,24.155.97.53
339,Alanson,Crutchfield,acrutchfield9e@fotki.com,Genderfluid,147.107.74.50
340,Dominick,Meddemmen,dmeddemmen9f@wsj.com,Agender,234.93.189.34
341,Blayne,Row,brow9g@wisc.edu,Genderqueer,102.78.47.88
342,Cherye,Bulfoot,cbulfoot9h@noaa.gov,Genderfluid,143.165.143.237
343,Briant,Riddoch,briddoch9i@bbb.org,Bigender,232.197.112.142
344,Bram,Tabrett,btabrett9j@goo.gl,Polygender,171.41.83.71
345,Radcliffe,Baden,rbaden9k@google.ca,Polygender,184.175.241.64
346,Tamma,Maestro,tmaestro9l@prnewswire.com,Bigender,183.18.214.137
347,Carol-jean,Heady,cheady9m@rakuten.co.jp,Genderfluid,7.147.125.50
348,Carlotta,Hablot,chablot9n@a8.net,Non-binary,101.97.9.154
349,Isaak,Brough,ibrough9o@google.de,Non-binary,24.208.148.69
350,Wit,Connar,wconnar9p@princeton.edu,Polygender,120.47.140.151
351,Johannes,Cuningham,jcuningham9q@eepurl.com,Agender,159.42.120.200
352,Anabelle,Strode,astrode9r@foxnews.com,Male,229.3.253.80
353,Artemis,Klaes,aklaes9s@webeden.co.uk,Male,88.6.200.207
354,Nadine,Errington,nerrington9t@msu.edu,Polygender,21.188.209.248
355,Hinda,Tregensoe,htregensoe9u@bloglovin.com,Genderfluid,37.126.58.115
356,Emily,Spight,espight9v@deviantart.com,Non-binary,127.245.73.151
357,Eunice,Caghan,ecaghan9w@google.com,Polygender,199.46.248.174
358,Correy,Candlish,ccandlish9x@elegantthemes.com,Genderqueer,0.73.201.213
359,Efrem,Gytesham,egytesham9y@lulu.com,Genderqueer,174.72.212.215
360,Bernelle,Kempston,bkempston9z@jiathis.com,Female,40.109.185.56
361,Jorrie,Guerrazzi,jguerrazzia0@usda.gov,Bigender,49.6.127.23
362,Dino,Sanford,dsanforda1@rambler.ru,Non-binary,18.43.130.97
363,Page,Balwin,pbalwina2@walmart.com,Bigender,113.32.189.247
364,Raye,O'Geaney,rogeaneya3@t-online.de,Genderqueer,88.229.23.80
365,Audy,Cyseley,acyseleya4@about.com,Agender,208.125.127.18
366,Mayer,Duffer,mduffera5@ucoz.com,Female,41.24.213.122
367,Marina,Asprey,maspreya6@phpbb.com,Genderqueer,38.170.48.237
368,Dorian,Larkings,dlarkingsa7@angelfire.com,Genderqueer,179.108.2.202
369,Cordie,Larkins,clarkinsa8@surveymonkey.com,Genderfluid,122.44.226.173
370,Burl,Andrichuk,bandrichuka9@blogspot.com,Male,63.174.143.220
371,Maible,Ower,moweraa@is.gd,Female,159.45.190.213
372,Dolley,Leivesley,dleivesleyab@state.tx.us,Bigender,160.231.225.216
373,Pen,Bulmer,pbulmerac@china.com.cn,Bigender,167.175.116.139
374,Nonna,Ruppert,nruppertad@rediff.com,Female,253.101.143.216
375,Ezmeralda,Spurway,espurwayae@answers.com,Non-binary,174.238.70.250
376,Gertrude,Collicott,gcollicottaf@reverbnation.com,Genderfluid,74.245.11.238
377,Haywood,Uzelli,huzelliag@sfgate.com,Polygender,82.156.181.54
378,Rudy,Milella,rmilellaah@ucoz.com,Genderqueer,94.139.136.75
379,Reggie,Cheake,rcheakeai@people.com.cn,Genderfluid,86.25.192.9
380,Annora,Faraday,afaradayaj@ow.ly,Male,90.67.144.69
381,Tobey,Fairy,tfairyak@printfriendly.com,Genderqueer,107.97.176.159
382,Helge,Minocchi,hminocchial@icq.com,Genderfluid,169.4.225.37
383,Merle,Partlett,mpartlettam@home.pl,Non-binary,40.40.159.124
384,Kristo,Sealeaf,ksealeafan@studiopress.com,Agender,151.19.12.249
385,Murdock,Boagey,mboageyao@list-manage.com,Bigender,221.18.196.214
386,Luisa,Tonkin,ltonkinap@simplemachines.org,Agender,210.116.48.8
387,Araldo,Parsell,aparsellaq@baidu.com,Agender,174.147.16.232
388,Filippa,Binning,fbinningar@constantcontact.com,Non-binary,94.15.89.165
389,Caresse,Mesnard,cmesnardas@europa.eu,Genderfluid,29.190.102.107
390,Ulrica,O'Fielly,uofiellyat@gnu.org,Female,131.116.37.106
391,Haydon,Franzettoini,hfranzettoiniau@sakura.ne.jp,Bigender,77.86.241.216
392,Torrence,Dodding,tdoddingav@slideshare.net,Agender,242.8.128.202
393,Flint,Bigly,fbiglyaw@wix.com,Male,229.172.249.146
394,Reggis,Leifer,rleiferax@examiner.com,Female,232.137.128.230
395,Horacio,Benes,hbenesay@phpbb.com,Female,234.213.177.0
396,Fabian,Poulson,fpoulsonaz@a8.net,Genderqueer,134.190.70.80
397,Trey,Eggerton,teggertonb0@dailymotion.com,Genderfluid,105.178.236.247
398,Tabb,Zanicchelli,tzanicchellib1@simplemachines.org,Female,152.35.133.107
399,Amerigo,Warke,awarkeb2@wikipedia.org,Genderfluid,247.19.25.167
400,Faunie,Dalglish,fdalglishb3@omniture.com,Bigender,6.146.183.195
401,Winona,Wrenn,wwrennb4@howstuffworks.com,Agender,81.58.227.12
402,Aubine,Danielczyk,adanielczykb5@uol.com.br,Bigender,61.57.20.34
403,Cornall,Viccary,cviccaryb6@xinhuanet.com,Agender,47.171.125.232
404,Flor,McDirmid,fmcdirmidb7@ning.com,Genderfluid,131.139.223.39
405,Alva,Bools,aboolsb8@seesaa.net,Non-binary,50.86.151.8
406,Elmore,Roggers,eroggersb9@quantcast.com,Female,147.254.187.8
407,Viola,Rosbotham,vrosbothamba@washingtonpost.com,Male,200.4.251.188
408,Lon,Janse,ljansebb@blinklist.com,Genderfluid,1.221.98.139
409,Milty,Wehnerr,mwehnerrbc@netvibes.com,Genderqueer,84.242.54.98
410,Bayard,Beney,bbeneybd@usgs.gov,Non-binary,22.68.29.239
411,Ardisj,Ruusa,aruusabe@ftc.gov,Bigender,48.42.37.205
412,Faustina,Philimore,fphilimorebf@cmu.edu,Female,7.54.109.96
413,Waverly,Alvarado,walvaradobg@about.com,Male,112.222.51.211
414,Gabey,Casarili,gcasarilibh@4shared.com,Genderfluid,232.43.207.161
415,Zedekiah,Jorck,zjorckbi@nature.com,Non-binary,177.49.91.87
416,Kirk,Everix,keverixbj@tinyurl.com,Male,54.174.194.19
417,Falito,Cakebread,fcakebreadbk@cnn.com,Polygender,100.123.1.14
418,Vittoria,Wasiel,vwasielbl@freewebs.com,Male,18.100.36.103
419,Giulietta,Sedgebeer,gsedgebeerbm@wikimedia.org,Genderqueer,51.60.12.134
420,Dulcia,Moulster,dmoulsterbn@github.io,Agender,39.210.49.118
421,Tammi,Nordass,tnordassbo@taobao.com,Female,180.10.201.27
422,Maxy,Iacovaccio,miacovacciobp@economist.com,Male,34.155.119.190
423,Tadeo,Sarson,tsarsonbq@illinois.edu,Bigender,102.200.177.246
424,Lori,Faier,lfaierbr@nationalgeographic.com,Bigender,177.112.24.130
425,Bernadina,Mollin,bmollinbs@wp.com,Female,1.142.130.114
426,Ilsa,Ferreri,iferreribt@ucla.edu,Male,172.207.245.245
427,Ranice,Daffey,rdaffeybu@jiathis.com,Non-binary,37.111.137.74
428,Maxy,Durtnel,mdurtnelbv@drupal.org,Non-binary,61.138.138.30
429,Barb,Handke,bhandkebw@unblog.fr,Non-binary,193.173.162.252
430,Ardyce,Critzen,acritzenbx@themeforest.net,Genderqueer,126.156.175.65
431,Alistair,Argue,aargueby@harvard.edu,Female,106.95.203.179
432,Husain,Wardlaw,hwardlawbz@europa.eu,Bigender,90.147.173.205
433,Maryl,Antonescu,mantonescuc0@ebay.com,Non-binary,174.10.207.195
434,Debbi,Cotelard,dcotelardc1@nih.gov,Male,11.4.101.232
435,Bria,Whitlam,bwhitlamc2@wsj.com,Non-binary,152.195.158.214
436,Sergio,Cattrall,scattrallc3@tripadvisor.com,Agender,103.130.48.237
437,Boyd,Butchers,bbutchersc4@linkedin.com,Genderqueer,65.154.220.81
438,Maddie,Piercy,mpiercyc5@geocities.jp,Non-binary,252.203.160.161
439,Flossie,Callicott,fcallicottc6@xing.com,Non-binary,223.242.145.35
440,Anabella,Fawdery,afawderyc7@whitehouse.gov,Agender,161.28.208.251
441,Edwin,Scargill,escargillc8@time.com,Non-binary,167.148.33.116
442,Valentin,Paxforde,vpaxfordec9@163.com,Agender,252.89.246.165
443,Ken,Dudin,kdudinca@nhs.uk,Female,153.220.152.7
444,Tadd,Caudelier,tcaudeliercb@state.tx.us,Genderqueer,18.228.58.24
445,Isadora,Waple,iwaplecc@patch.com,Non-binary,117.68.89.111
446,Diann,McInerney,dmcinerneycd@hugedomains.com,Bigender,169.197.39.154
447,Fredericka,Joist,fjoistce@biglobe.ne.jp,Bigender,66.183.219.24
448,Ardyce,Deadman,adeadmancf@51.la,Female,13.11.56.62
449,Leona,Ronchi,lronchicg@webs.com,Bigender,30.214.9.153
450,Thorvald,Prazor,tprazorch@opensource.org,Agender,98.118.68.34
451,Angil,Ambage,aambageci@miibeian.gov.cn,Genderfluid,131.207.232.38
452,Marlin,Kilmurry,mkilmurrycj@mysql.com,Bigender,67.83.90.54
453,Harp,Lawland,hlawlandck@example.com,Agender,36.65.210.130
454,Tab,Trodd,ttroddcl@slashdot.org,Female,131.116.111.215
455,Shanan,Larratt,slarrattcm@gnu.org,Genderqueer,109.27.183.65
456,Lorette,Sotham,lsothamcn@de.vu,Agender,204.197.150.50
457,Korrie,Bunkle,kbunkleco@typepad.com,Genderqueer,151.197.17.114
458,Norah,Latty,nlattycp@bing.com,Bigender,43.81.119.11
459,Joete,Cassels,jcasselscq@blinklist.com,Polygender,176.9.198.31
460,Calhoun,Stickings,cstickingscr@wikispaces.com,Non-binary,100.227.157.115
461,Galven,Winscum,gwinscumcs@comsenz.com,Polygender,193.204.184.221
462,Shadow,Towe,stowect@apple.com,Polygender,30.130.157.243
463,Dalton,Jaggard,djaggardcu@seesaa.net,Non-binary,213.54.196.73
464,Alyson,Anfrey,aanfreycv@fc2.com,Agender,84.89.117.16
465,Bethany,Vella,bvellacw@wiley.com,Bigender,218.253.94.204
466,Wells,Windross,wwindrosscx@oracle.com,Female,158.33.8.241
467,Gaynor,Akaster,gakastercy@hp.com,Bigender,164.32.75.206
468,Datha,Yerborn,dyerborncz@bigcartel.com,Bigender,80.136.19.130
469,Netta,Merriment,nmerrimentd0@blogtalkradio.com,Agender,187.149.185.226
470,Bran,Markham,bmarkhamd1@state.gov,Non-binary,160.189.159.63
471,Dori,Heinrici,dheinricid2@prnewswire.com,Agender,82.58.59.243
472,Imojean,Monks,imonksd3@admin.ch,Agender,122.71.103.129
473,Tirrell,Ashwell,tashwelld4@google.co.jp,Polygender,53.38.226.221
474,Elisabeth,Raoult,eraoultd5@washingtonpost.com,Male,61.28.1.49
475,Jonie,Eacott,jeacottd6@fc2.com,Non-binary,63.155.55.131
476,Bambi,Reymers,breymersd7@ustream.tv,Female,186.24.166.56
477,Sim,Kezor,skezord8@booking.com,Male,115.222.0.238
478,Blinni,Croose,bcroosed9@independent.co.uk,Polygender,215.1.190.142
479,Aristotle,McAlpin,amcalpinda@biglobe.ne.jp,Female,97.149.226.105
480,Gabriel,Bowes,gbowesdb@amazonaws.com,Female,19.178.108.100
481,Michaela,Wordesworth,mwordesworthdc@blogspot.com,Male,74.106.202.63
482,Hester,Leguey,hlegueydd@discuz.net,Genderfluid,185.60.6.254
483,Louella,Organer,lorganerde@sciencedaily.com,Genderqueer,189.101.204.75
484,Cozmo,Fuchs,cfuchsdf@uol.com.br,Genderqueer,26.64.135.112
485,Samuele,O'Sheerin,sosheerindg@cbsnews.com,Polygender,176.214.88.77
486,Sukey,Sotham,ssothamdh@sitemeter.com,Male,166.106.73.125
487,Haywood,Critchlow,hcritchlowdi@example.com,Male,172.29.255.247
488,Tristan,Gilmartin,tgilmartindj@a8.net,Polygender,78.209.39.247
489,Jolyn,Shirtcliffe,jshirtcliffedk@hc360.com,Female,55.35.129.19
490,Carolan,Magnus,cmagnusdl@github.com,Polygender,168.183.68.65
491,Hogan,Livesley,hlivesleydm@stumbleupon.com,Polygender,140.106.67.56
492,Almeda,Commander,acommanderdn@gizmodo.com,Non-binary,99.209.232.240
493,Domenico,Naish,dnaishdo@timesonline.co.uk,Genderfluid,83.155.21.5
494,Abra,Clemetts,aclemettsdp@wordpress.com,Male,157.211.172.15
495,Celestia,Pepall,cpepalldq@example.com,Male,39.128.255.173
496,Desiree,Lerohan,dlerohandr@a8.net,Female,129.236.87.227
497,Rebbecca,MacGuigan,rmacguigands@newyorker.com,Bigender,160.45.87.166
498,Alyssa,Philpotts,aphilpottsdt@marketwatch.com,Female,199.205.118.60
499,Yetta,Pavlasek,ypavlasekdu@google.nl,Male,170.61.50.96
500,Ronny,Allom,rallomdv@cbsnews.com,Bigender,219.102.129.50
501,Halsey,Cammock,hcammockdw@seesaa.net,Polygender,104.163.228.43
502,Mariana,Ghidoni,mghidonidx@umich.edu,Agender,64.243.115.43
503,Nanon,Frankom,nfrankomdy@hugedomains.com,Genderfluid,40.142.171.70
504,Cart,Dudmesh,cdudmeshdz@plala.or.jp,Agender,169.60.180.238
505,Rafi,Quartly,rquartlye0@moonfruit.com,Agender,83.166.55.181
506,Leora,Varty,lvartye1@wired.com,Bigender,179.174.110.64
507,Balduin,Matyushkin,bmatyushkine2@ucsd.edu,Female,134.149.80.4
508,Shepard,Petersen,spetersene3@elegantthemes.com,Polygender,52.18.52.6
509,Masha,Michieli,mmichielie4@oaic.gov.au,Bigender,192.43.127.82
510,Markos,Kem,mkeme5@zdnet.com,Bigender,180.41.112.0
511,Lorettalorna,Mattioni,lmattionie6@cbc.ca,Genderfluid,177.98.130.89
512,Sargent,Huygen,shuygene7@gov.uk,Genderqueer,228.17.111.142
513,Billye,Batteson,bbattesone8@photobucket.com,Bigender,152.89.205.112
514,Wynn,Stolli,wstollie9@rambler.ru,Female,43.121.18.10
515,Meridith,Janes,mjanesea@fastcompany.com,Male,77.88.176.164
516,Emalee,Noot,enooteb@altervista.org,Male,146.4.205.246
517,Opaline,Stammirs,ostammirsec@admin.ch,Genderqueer,16.186.238.124
518,Alric,Shilling,ashillinged@amazon.co.jp,Bigender,1.170.62.149
519,Lyndsey,Leynagh,lleynaghee@dailymotion.com,Polygender,179.88.116.215
520,Pieter,Hosburn,phosburnef@senate.gov,Bigender,162.254.52.41
521,Venus,Skaife d'Ingerthorpe,vskaifedingerthorpeeg@quantcast.com,Genderfluid,251.151.105.32
522,George,Jeannaud,gjeannaudeh@blogger.com,Bigender,186.39.39.30
523,Brent,Bulford,bbulfordei@tamu.edu,Bigender,104.81.26.105
524,Ellery,Lavers,elaversej@cam.ac.uk,Polygender,252.139.19.34
525,Johannes,Roston,jrostonek@blinklist.com,Non-binary,215.187.38.88
526,Nelle,Weafer,nweaferel@bbc.co.uk,Polygender,251.48.94.1
527,Gabbie,Bettington,gbettingtonem@bbc.co.uk,Female,158.116.60.6
528,Miguela,Vamplus,mvamplusen@eepurl.com,Bigender,119.123.11.68
529,Kippy,Astin,kastineo@prlog.org,Polygender,255.42.97.211
530,Albertina,Hastwall,ahastwallep@hc360.com,Non-binary,87.228.177.1
531,Dehlia,Wegener,dwegenereq@mozilla.com,Female,89.123.137.22
532,Hertha,Dillamore,hdillamoreer@cdbaby.com,Non-binary,42.216.174.206
533,Jessee,McAvinchey,jmcavincheyes@google.de,Genderqueer,119.58.241.40
534,Viva,Symson,vsymsonet@comcast.net,Agender,154.33.17.125
535,Prentiss,Dominichelli,pdominichellieu@miibeian.gov.cn,Female,47.91.184.26
536,Arnaldo,Adamski,aadamskiev@miibeian.gov.cn,Female,168.87.96.110
537,Edna,Warrior,ewarriorew@icq.com,Genderfluid,158.176.230.119
538,Balduin,Hebborne,bhebborneex@blogspot.com,Non-binary,16.98.81.6
539,Frederique,Goldis,fgoldisey@w3.org,Male,93.107.205.156
540,Neala,Gomersall,ngomersallez@state.gov,Genderfluid,252.235.129.5
541,Sybille,Gosselin,sgosselinf0@blogspot.com,Male,186.224.109.182
542,Viva,Starbucke,vstarbuckef1@deliciousdays.com,Agender,239.65.93.238
543,Phillie,Godspeede,pgodspeedef2@paypal.com,Genderfluid,110.9.140.151
544,Shelli,Pritchard,spritchardf3@nasa.gov,Non-binary,186.32.179.221
545,Sidonnie,Becaris,sbecarisf4@indiegogo.com,Genderqueer,102.39.171.150
546,Trudey,Bysshe,tbysshef5@state.tx.us,Polygender,54.126.127.56
547,Stanislaus,Szymanzyk,sszymanzykf6@yahoo.com,Female,80.156.149.186
548,Meryl,Clague,mclaguef7@ow.ly,Agender,183.64.42.32
549,Nadia,Cromar,ncromarf8@sitemeter.com,Male,75.175.17.108
550,Emilia,Lowten,elowtenf9@slideshare.net,Bigender,13.181.56.38
551,Reade,Ambrosi,rambrosifa@tinyurl.com,Female,195.127.186.160
552,Merridie,O' Hogan,mohoganfb@si.edu,Non-binary,2.236.51.235
553,Jonathon,McCole,jmccolefc@psu.edu,Genderqueer,205.191.58.103
554,Merwyn,Crafter,mcrafterfd@sbwire.com,Genderqueer,24.87.58.87
555,Quintus,Chappelle,qchappellefe@acquirethisname.com,Non-binary,9.141.111.108
556,Annora,Sarra,asarraff@google.com.hk,Female,74.204.137.120
557,Rodney,Relfe,rrelfefg@wufoo.com,Bigender,103.255.95.216
558,Alene,Maharry,amaharryfh@ebay.com,Non-binary,146.64.206.217
559,Sibyl,Benfell,sbenfellfi@shutterfly.com,Male,11.176.94.66
560,Obediah,Robuchon,orobuchonfj@lycos.com,Polygender,6.142.156.73
561,Carmine,Morstatt,cmorstattfk@clickbank.net,Female,131.178.194.28
562,Vi,Birtles,vbirtlesfl@google.pl,Genderqueer,40.133.225.209
563,Jehu,MacDonald,jmacdonaldfm@list-manage.com,Agender,86.67.168.147
564,Owen,Andrieux,oandrieuxfn@sohu.com,Polygender,210.47.79.74
565,Sydney,Wemm,swemmfo@mediafire.com,Non-binary,55.217.29.76
566,Vidovic,Duckers,vduckersfp@nymag.com,Genderfluid,246.192.43.200
567,Aindrea,Dunnico,adunnicofq@ycombinator.com,Bigender,208.60.46.153
568,Kimbell,Fishlock,kfishlockfr@blog.com,Female,77.57.115.103
569,Christa,Delucia,cdeluciafs@joomla.org,Bigender,151.114.180.155
570,Gianna,Holbury,gholburyft@mysql.com,Polygender,31.67.166.186
571,Leonanie,Dawber,ldawberfu@fastcompany.com,Female,205.238.222.194
572,Berry,Impey,bimpeyfv@wsj.com,Bigender,88.98.242.127
573,Fawnia,Ramble,framblefw@shinystat.com,Genderqueer,22.251.25.66
574,Cinda,Seviour,cseviourfx@deviantart.com,Genderqueer,98.169.39.188
575,Giovanni,Englishby,genglishbyfy@cdbaby.com,Agender,215.178.116.131
576,Lazar,Blowers,lblowersfz@cam.ac.uk,Male,111.191.177.220
577,Alyce,Aingell,aaingellg0@twitpic.com,Genderfluid,143.39.168.197
578,Abner,Smithson,asmithsong1@behance.net,Bigender,65.169.9.227
579,Jacky,Raincin,jraincing2@themeforest.net,Polygender,60.86.236.104
580,Lydie,Blaw,lblawg3@wp.com,Genderqueer,67.168.187.54
581,Missy,Verbrugghen,mverbruggheng4@webeden.co.uk,Non-binary,175.70.159.203
582,Cammi,Aldhous,caldhousg5@wordpress.com,Genderqueer,205.220.54.129
583,Tildi,Buscombe,tbuscombeg6@studiopress.com,Genderqueer,79.171.73.239
584,Saw,Lauritsen,slauritseng7@vimeo.com,Female,104.101.205.128
585,Dede,Luck,dluckg8@google.ru,Genderfluid,25.123.204.32
586,Ephrayim,Hiscoke,ehiscokeg9@prweb.com,Bigender,232.95.62.107
587,Davon,Schirok,dschirokga@utexas.edu,Polygender,137.136.158.197
588,Isabel,Garman,igarmangb@dell.com,Female,172.105.244.82
589,Edgard,McIntee,emcinteegc@tumblr.com,Bigender,38.220.70.246
590,Efren,Mabb,emabbgd@geocities.jp,Genderqueer,163.230.76.14
591,Amalee,Crellim,acrellimge@moonfruit.com,Female,246.119.51.113
592,Carolina,Telfer,ctelfergf@time.com,Bigender,93.206.20.105
593,Huberto,Shouler,hshoulergg@europa.eu,Non-binary,185.186.226.111
594,Josee,Blanko,jblankogh@dion.ne.jp,Male,224.47.138.162
595,Abbot,Older,aoldergi@skyrock.com,Agender,60.33.193.69
596,Neale,Woodrooffe,nwoodrooffegj@ask.com,Polygender,31.235.133.205
597,Amii,Potbury,apotburygk@adobe.com,Bigender,107.112.6.195
598,Caril,Crowter,ccrowtergl@mac.com,Genderqueer,243.60.33.190
599,Lavinie,Teese,lteesegm@walmart.com,Bigender,2.246.248.153
600,Alyss,VanBrugh,avanbrughgn@hhs.gov,Polygender,15.220.6.226
601,Pavia,Headley,pheadleygo@diigo.com,Female,147.208.23.205
602,Katha,Garard,kgarardgp@cnet.com,Female,152.88.186.178
603,Patty,Iacovolo,piacovologq@mapquest.com,Bigender,17.76.68.15
604,Celia,Malthouse,cmalthousegr@barnesandnoble.com,Genderqueer,227.151.244.13
605,Annette,Antoniades,aantoniadesgs@cmu.edu,Genderqueer,40.225.245.5
606,Shelden,Birchall,sbirchallgt@cafepress.com,Genderqueer,243.113.110.110
607,Aila,MacWhan,amacwhangu@facebook.com,Female,135.148.137.132
608,Huntington,Bowen,hbowengv@nps.gov,Agender,162.199.164.146
609,Sly,Sambrook,ssambrookgw@opensource.org,Female,120.82.144.83
610,Pinchas,MacCaughey,pmaccaugheygx@ed.gov,Genderfluid,198.19.45.94
611,Isadore,Orhrt,iorhrtgy@myspace.com,Genderqueer,190.86.35.187
612,Ced,Inchcomb,cinchcombgz@meetup.com,Agender,204.120.14.40
613,Meggy,Wigelsworth,mwigelsworthh0@tiny.cc,Non-binary,220.247.252.100
614,Hi,Lighterness,hlighternessh1@networksolutions.com,Polygender,118.120.25.196
615,Delly,Cawt,dcawth2@chron.com,Genderfluid,140.207.17.133
616,Genia,Van den Dael,gvandendaelh3@cloudflare.com,Male,70.49.255.238
617,Skippie,Gramer,sgramerh4@toplist.cz,Male,190.252.176.190
618,Lorettalorna,Usmar,lusmarh5@acquirethisname.com,Agender,0.249.126.48
619,Zulema,Myner,zmynerh6@ucla.edu,Non-binary,168.115.221.216
620,Bettine,Foran,bforanh7@delicious.com,Genderqueer,234.108.151.121
621,Cass,Greystock,cgreystockh8@altervista.org,Polygender,135.142.158.145
622,Cori,Treagus,ctreagush9@instagram.com,Polygender,89.216.38.26
623,Dieter,Stockwell,dstockwellha@latimes.com,Bigender,46.226.125.166
624,Berte,Benn,bbennhb@pinterest.com,Polygender,254.4.162.139
625,Merwyn,Hains,mhainshc@amazonaws.com,Female,146.255.230.202
626,Cassandra,Lugsdin,clugsdinhd@theguardian.com,Genderfluid,44.189.178.205
627,Garry,Kisting,gkistinghe@chicagotribune.com,Female,136.248.138.126
628,Kaylyn,Courtese,kcourtesehf@facebook.com,Female,186.100.137.151
629,Jephthah,Davidowsky,jdavidowskyhg@w3.org,Polygender,174.76.161.119
630,Kizzie,King,kkinghh@upenn.edu,Male,255.51.83.243
631,Perri,Dominguez,pdominguezhi@icq.com,Genderfluid,4.233.99.136
632,Carey,McCrisken,cmccriskenhj@ning.com,Genderfluid,189.93.61.164
633,Angelique,Phelan,aphelanhk@go.com,Genderqueer,112.110.196.194
634,Pearline,Backshall,pbackshallhl@virginia.edu,Polygender,162.124.52.152
635,Lotta,Brum,lbrumhm@flavors.me,Genderfluid,158.204.213.176
636,Ursuline,McMeyler,umcmeylerhn@wp.com,Genderqueer,240.44.143.107
637,Marcos,Goatman,mgoatmanho@flavors.me,Genderfluid,225.158.38.58
638,Kenna,Jelkes,kjelkeshp@webmd.com,Male,25.145.67.144
639,Eleanor,Bloore,ebloorehq@buzzfeed.com,Bigender,176.206.119.126
640,Dani,Follows,dfollowshr@chicagotribune.com,Polygender,235.66.179.254
641,Antony,Blakely,ablakelyhs@craigslist.org,Polygender,132.74.236.160
642,Viviene,Laydel,vlaydelht@over-blog.com,Bigender,70.151.4.78
643,Christie,Kingsman,ckingsmanhu@berkeley.edu,Bigender,174.40.47.35
644,Valenka,Radbourne,vradbournehv@purevolume.com,Genderfluid,93.222.57.101
645,Yurik,Salterne,ysalternehw@shutterfly.com,Genderqueer,164.228.63.213
646,Thaddeus,Tuppeny,ttuppenyhx@barnesandnoble.com,Agender,25.151.12.190
647,Jud,Bealing,jbealinghy@bravesites.com,Male,3.169.152.38
648,Jarret,Copelli,jcopellihz@infoseek.co.jp,Bigender,125.255.0.41
649,Felipa,Clopton,fcloptoni0@soup.io,Genderfluid,57.23.143.27
650,Neddie,Cawsy,ncawsyi1@spotify.com,Male,66.218.22.192
651,Demott,Pygott,dpygotti2@marketwatch.com,Genderfluid,120.192.225.223
652,Arlin,Plews,aplewsi3@statcounter.com,Male,111.20.32.84
653,Ophelia,Olliff,oolliffi4@tinyurl.com,Genderfluid,163.78.88.83
654,Giraldo,Mordue,gmorduei5@themeforest.net,Genderqueer,15.99.234.181
655,Georgette,Walter,gwalteri6@blinklist.com,Bigender,57.56.162.212
656,Gardy,Chetham,gchethami7@newsvine.com,Genderqueer,114.221.91.151
657,Tremaine,Schapero,tschaperoi8@nytimes.com,Genderfluid,171.59.66.155
658,Corry,Maundrell,cmaundrelli9@toplist.cz,Genderfluid,83.44.50.244
659,Sayres,Skitterel,sskitterelia@nih.gov,Genderfluid,224.132.142.120
660,Aleece,Betancourt,abetancourtib@angelfire.com,Genderfluid,98.57.82.247
661,Jenine,Besset,jbessetic@miitbeian.gov.cn,Male,145.51.155.16
662,Kali,Milbank,kmilbankid@state.tx.us,Male,113.161.195.216
663,Elden,Shorto,eshortoie@dyndns.org,Non-binary,68.223.53.60
664,Millisent,McLarty,mmclartyif@sfgate.com,Agender,15.120.244.159
665,Ramonda,Stanton,rstantonig@vk.com,Genderfluid,177.146.43.64
666,Nissie,Miell,nmiellih@imdb.com,Genderfluid,141.203.243.15
667,Reagan,Potts,rpottsii@newyorker.com,Male,8.214.61.110
668,Kean,Emma,kemmaij@cbc.ca,Non-binary,215.99.253.150
669,Dugald,Pavlenko,dpavlenkoik@comcast.net,Agender,123.48.201.149
670,Rosalind,Derr,rderril@marketwatch.com,Polygender,54.111.17.183
671,Jeremias,Purle,jpurleim@youku.com,Non-binary,114.38.116.249
672,Trent,Lapthorne,tlapthornein@thetimes.co.uk,Agender,167.150.107.197
673,Huey,Ivanov,hivanovio@gnu.org,Genderqueer,8.8.208.46
674,Rona,Einchcombe,reinchcombeip@stanford.edu,Female,126.195.50.233
675,Gerri,Bushen,gbusheniq@theguardian.com,Non-binary,33.150.245.81
676,Darbee,Bessent,dbessentir@blogspot.com,Non-binary,65.122.178.154
677,Francene,Loveitt,floveittis@china.com.cn,Bigender,149.105.139.84
678,Felicle,Cutriss,fcutrissit@ft.com,Male,40.25.133.161
679,Anton,Geany,ageanyiu@bloglines.com,Male,11.127.178.97
680,Shir,Hadingham,shadinghamiv@buzzfeed.com,Non-binary,135.201.206.192
681,Shelton,Faltskog,sfaltskogiw@nyu.edu,Male,100.29.92.203
682,Allx,Heinish,aheinishix@is.gd,Female,44.24.47.135
683,Carlota,Culkin,cculkiniy@jigsy.com,Genderqueer,151.189.19.214
684,Harlan,Barron,hbarroniz@usa.gov,Genderqueer,34.216.244.122
685,Jennilee,Skillett,jskillettj0@jalbum.net,Bigender,73.237.1.119
686,Cammie,Hughill,chughillj1@psu.edu,Bigender,237.95.37.73
687,Norton,Kohtler,nkohtlerj2@bloomberg.com,Female,54.108.118.122
688,Dilan,Mackrell,dmackrellj3@quantcast.com,Non-binary,18.182.15.80
689,Helenka,Brundall,hbrundallj4@gmpg.org,Bigender,84.101.228.191
690,Maryjane,Moralis,mmoralisj5@comcast.net,Male,11.94.94.206
691,Prescott,Durdan,pdurdanj6@mapy.cz,Agender,173.116.109.65
692,Adela,Mungan,amunganj7@state.tx.us,Agender,112.245.104.69
693,Carroll,McKennan,cmckennanj8@ed.gov,Female,254.60.136.207
694,Kara-lynn,Routledge,kroutledgej9@omniture.com,Polygender,247.149.26.44
695,Saree,Sarjent,ssarjentja@irs.gov,Agender,167.129.108.119
696,Fergus,Lockier,flockierjb@ucoz.ru,Polygender,168.38.99.14
697,Noell,Woltman,nwoltmanjc@imageshack.us,Genderqueer,221.84.66.20
698,Karlyn,Scudamore,kscudamorejd@facebook.com,Male,116.56.38.132
699,Frasco,Skaife,fskaifeje@narod.ru,Bigender,213.7.94.151
700,Lucien,Dudlestone,ldudlestonejf@tripod.com,Polygender,197.57.117.129
701,Faina,Edie,fediejg@edublogs.org,Female,253.139.175.233
702,Mona,Novkovic,mnovkovicjh@bbc.co.uk,Non-binary,47.9.6.29
703,Carroll,Khadir,ckhadirji@ebay.co.uk,Male,8.126.136.67
704,Horace,Killen,hkillenjj@mapy.cz,Genderqueer,103.224.124.40
705,Alisha,Boylund,aboylundjk@dmoz.org,Agender,100.94.4.94
706,Freddie,Mulligan,fmulliganjl@jigsy.com,Male,216.133.56.165
707,Rainer,Hartegan,rharteganjm@amazon.com,Bigender,125.223.251.26
708,Rici,Oppy,roppyjn@cam.ac.uk,Agender,97.238.48.141
709,Camel,Izakof,cizakofjo@craigslist.org,Polygender,0.221.64.90
710,Vannie,Dimitrescu,vdimitrescujp@ow.ly,Agender,15.57.25.80
711,Archer,Stronough,astronoughjq@domainmarket.com,Genderqueer,51.33.200.184
712,Sephira,Tuley,stuleyjr@independent.co.uk,Female,10.78.77.122
713,Daryn,De Bernardis,ddebernardisjs@artisteer.com,Agender,111.232.216.172
714,Keri,Vreede,kvreedejt@mediafire.com,Male,63.10.173.178
715,Waite,Orknay,worknayju@themeforest.net,Genderqueer,213.96.59.194
716,Carny,Akehurst,cakehurstjv@walmart.com,Non-binary,160.97.143.236
717,Brandie,Grimmer,bgrimmerjw@ftc.gov,Bigender,17.55.128.146
718,Dianne,Marsden,dmarsdenjx@stumbleupon.com,Polygender,57.250.85.85
719,Wald,Stoves,wstovesjy@dmoz.org,Polygender,199.235.238.67
720,Gui,Grimolbie,ggrimolbiejz@sitemeter.com,Male,116.148.77.116
721,Claiborne,Bardell,cbardellk0@surveymonkey.com,Female,217.180.85.172
722,Linnell,Dignam,ldignamk1@reuters.com,Non-binary,167.64.80.230
723,Isiahi,Barthropp,ibarthroppk2@ustream.tv,Bigender,49.149.253.56
724,Koenraad,Hiers,khiersk3@prweb.com,Non-binary,162.226.89.40
725,Waldo,Readwin,wreadwink4@paypal.com,Agender,5.7.36.160
726,Sarene,Gummer,sgummerk5@gov.uk,Female,52.254.63.127
727,Carny,O'Fielly,cofiellyk6@seesaa.net,Agender,210.68.176.205
728,Pansie,Sandford,psandfordk7@naver.com,Bigender,156.78.223.106
729,Missie,Macura,mmacurak8@intel.com,Genderfluid,137.251.16.215
730,Maiga,MacLaig,mmaclaigk9@xing.com,Non-binary,110.19.59.134
731,Farlee,Vakhrushev,fvakhrushevka@reference.com,Non-binary,45.92.50.208
732,Chloris,Bodley,cbodleykb@gravatar.com,Female,22.25.28.213
733,Jeffie,Stansby,jstansbykc@cdbaby.com,Genderfluid,32.92.188.133
734,Cody,Kull,ckullkd@ucsd.edu,Genderfluid,134.211.210.13
735,Mandi,Butterfint,mbutterfintke@mozilla.org,Polygender,248.38.20.127
736,Nicolais,Labitt,nlabittkf@furl.net,Male,24.197.15.80
737,Katinka,Thomassin,kthomassinkg@icio.us,Agender,122.105.96.59
738,Zelig,Aldgate,zaldgatekh@feedburner.com,Genderfluid,212.165.209.179
739,Otho,Labusch,olabuschki@arstechnica.com,Female,155.90.246.194
740,Maxie,McCulloch,mmccullochkj@jalbum.net,Polygender,26.109.187.202
741,Melba,Surcombe,msurcombekk@omniture.com,Polygender,140.55.243.31
742,Carie,Watkiss,cwatkisskl@webnode.com,Non-binary,227.0.251.155
743,Yuma,Lockitt,ylockittkm@furl.net,Female,42.235.34.80
744,Felipe,Jebb,fjebbkn@seesaa.net,Bigender,85.72.47.168
745,Aloise,Rattenberie,arattenberieko@google.co.jp,Genderqueer,187.217.53.162
746,Eben,Crombie,ecrombiekp@nhs.uk,Genderfluid,138.13.131.234
747,Erika,Ferns,efernskq@gov.uk,Male,18.3.149.237
748,Kyle,Auchinleck,kauchinleckkr@elegantthemes.com,Genderfluid,46.9.225.206
749,Gabey,McLeish,gmcleishks@intel.com,Female,231.238.56.46
750,Everard,Gunny,egunnykt@nyu.edu,Polygender,202.166.115.42
751,Whitaker,Cooley,wcooleyku@army.mil,Non-binary,250.216.250.82
752,Coreen,Coldtart,ccoldtartkv@independent.co.uk,Male,206.210.224.6
753,Lorilyn,Andrault,landraultkw@reddit.com,Genderfluid,164.73.116.2
754,Orv,Chatwin,ochatwinkx@adobe.com,Genderqueer,98.127.27.11
755,Jecho,Pencost,jpencostky@redcross.org,Female,51.10.5.109
756,Merl,Thoday,mthodaykz@bloglines.com,Non-binary,78.189.90.112
757,Harri,Di Claudio,hdiclaudiol0@gravatar.com,Genderfluid,96.178.117.246
758,Laverna,Lidstone,llidstonel1@reuters.com,Male,24.33.194.42
759,Laurence,Udden,luddenl2@edublogs.org,Male,210.161.25.99
760,Jami,Gotts,jgottsl3@myspace.com,Polygender,64.110.124.243
761,Sindee,Croyden,scroydenl4@bbc.co.uk,Genderfluid,5.37.99.99
762,Eran,Newhouse,enewhousel5@miibeian.gov.cn,Genderqueer,6.57.87.113
763,Thelma,Calway,tcalwayl6@hatena.ne.jp,Male,143.2.173.196
764,Killie,Luttgert,kluttgertl7@eepurl.com,Bigender,137.77.137.230
765,Jaclin,Riddock,jriddockl8@amazon.de,Bigender,249.209.248.97
766,Allegra,Wison,awisonl9@sakura.ne.jp,Agender,73.91.187.98
767,Parrnell,Collip,pcollipla@kickstarter.com,Polygender,83.210.43.121
768,Rock,Gebhardt,rgebhardtlb@statcounter.com,Female,24.140.82.141
769,Erminia,Wraith,ewraithlc@samsung.com,Non-binary,160.198.202.219
770,Holden,Handforth,hhandforthld@myspace.com,Polygender,147.44.239.3
771,Alexandr,Lowers,alowersle@cbsnews.com,Non-binary,119.170.99.130
772,Pietrek,Giacovelli,pgiacovellilf@github.io,Male,154.152.125.84
773,Moira,Rainger,mraingerlg@abc.net.au,Polygender,71.227.33.227
774,Sam,Cranke,scrankelh@ted.com,Agender,76.180.116.131
775,Ninetta,Loomis,nloomisli@free.fr,Bigender,122.252.132.4
776,Delainey,Merrison,dmerrisonlj@qq.com,Agender,179.121.226.56
777,Marcello,Ailward,mailwardlk@blogtalkradio.com,Genderfluid,193.152.104.157
778,Byrle,Thacke,bthackell@ifeng.com,Female,81.64.123.83
779,Adrien,Muat,amuatlm@gizmodo.com,Genderfluid,26.58.183.164
780,Shellysheldon,Danniel,sdannielln@vinaora.com,Male,79.227.215.17
781,Aron,Baroc,abaroclo@usa.gov,Bigender,253.210.239.158
782,Persis,Ofener,pofenerlp@ox.ac.uk,Polygender,79.217.41.67
783,Daffie,Caghan,dcaghanlq@cocolog-nifty.com,Male,16.162.4.166
784,Upton,Tummasutti,utummasuttilr@nymag.com,Bigender,240.46.48.219
785,Evelina,Moynihan,emoynihanls@smh.com.au,Female,240.85.34.21
786,Julietta,Klemke,jklemkelt@yahoo.com,Bigender,198.181.180.166
787,Trixie,Chivers,tchiverslu@hostgator.com,Polygender,56.234.147.129
788,Andriana,Gilkes,agilkeslv@rediff.com,Genderfluid,18.96.189.20
789,Chloris,Vedeniktov,cvedeniktovlw@goodreads.com,Male,213.40.39.140
790,Renado,Clutton,rcluttonlx@yandex.ru,Female,151.175.65.42
791,Suellen,Degoix,sdegoixly@twitpic.com,Polygender,35.196.245.32
792,Colette,Runciman,cruncimanlz@netlog.com,Non-binary,112.49.146.38
793,Nataline,Held,nheldm0@biglobe.ne.jp,Polygender,6.175.161.179
794,Ruthann,De Ruggero,rderuggerom1@w3.org,Female,232.38.126.77
795,Christan,Etock,cetockm2@nih.gov,Genderfluid,11.195.192.195
796,Beck,Jiggen,bjiggenm3@loc.gov,Genderfluid,96.50.60.179
797,Cooper,Milroy,cmilroym4@mtv.com,Agender,35.148.133.60
798,Kira,Kisar,kkisarm5@reuters.com,Genderqueer,209.168.81.139
799,Harlin,Capes,hcapesm6@sina.com.cn,Bigender,35.18.171.237
800,Kory,Presidey,kpresideym7@bloomberg.com,Polygender,39.116.85.110
801,Leah,Tenpenny,ltenpennym8@ebay.co.uk,Genderqueer,120.212.75.208
802,Mei,Cornilleau,mcornilleaum9@yahoo.com,Bigender,199.85.202.161
803,Martino,Saxon,msaxonma@alibaba.com,Genderfluid,85.192.183.7
804,Kriste,Ogles,koglesmb@wiley.com,Agender,166.226.255.54
805,Elyssa,Gregorace,egregoracemc@1688.com,Male,116.228.36.175
806,Danie,Longfut,dlongfutmd@nymag.com,Genderqueer,8.122.3.57
807,Mahmud,Richard,mrichardme@samsung.com,Polygender,253.181.233.190
808,Charlena,Flaxman,cflaxmanmf@vistaprint.com,Agender,179.158.231.147
809,Udale,Hayselden,uhayseldenmg@infoseek.co.jp,Female,227.145.230.186
810,Anastasie,Carnegie,acarnegiemh@census.gov,Genderfluid,96.57.207.23
811,Merrill,Gullam,mgullammi@shinystat.com,Genderfluid,13.173.142.155
812,Buddie,Reightley,breightleymj@dion.ne.jp,Non-binary,233.94.2.15
813,Sharron,Estoile,sestoilemk@google.fr,Non-binary,80.34.8.98
814,Domingo,Kinlock,dkinlockml@hc360.com,Agender,179.210.58.52
815,Bailie,Fernie,bferniemm@miitbeian.gov.cn,Male,27.73.7.59
816,Erna,McLenaghan,emclenaghanmn@facebook.com,Non-binary,9.136.112.210
817,Finn,Pomfret,fpomfretmo@reference.com,Male,77.163.121.130
818,Jillane,Tomes,jtomesmp@yellowpages.com,Genderqueer,155.102.0.82
819,Aime,Courtes,acourtesmq@umn.edu,Agender,12.96.247.54
820,Loleta,Bosson,lbossonmr@cnbc.com,Agender,58.121.239.70
821,Rois,Odlin,rodlinms@squidoo.com,Agender,176.15.99.38
822,Darryl,Traice,dtraicemt@japanpost.jp,Genderfluid,69.70.139.92
823,Agatha,Mault,amaultmu@cnbc.com,Polygender,8.199.97.38
824,Averill,Cotes,acotesmv@gravatar.com,Genderfluid,66.224.186.201
825,Roxanna,Obbard,robbardmw@skyrock.com,Genderfluid,174.111.38.114
826,Red,Palmar,rpalmarmx@bloglines.com,Non-binary,231.120.173.201
827,Faustine,Gheerhaert,fgheerhaertmy@indiegogo.com,Polygender,215.47.216.132
828,Cly,Emeny,cemenymz@cloudflare.com,Agender,113.35.165.134
829,Minta,Merkle,mmerklen0@tripadvisor.com,Polygender,253.128.236.231
830,Edith,Jeromson,ejeromsonn1@google.de,Female,79.80.237.127
831,Alfred,Elfleet,aelfleetn2@gnu.org,Non-binary,94.51.100.69
832,Shell,Bust,sbustn3@vistaprint.com,Polygender,137.19.16.99
833,Dal,Sambell,dsambelln4@sohu.com,Non-binary,74.253.122.23
834,Meggie,Yantsev,myantsevn5@joomla.org,Bigender,241.14.163.115
835,Vevay,Heino,vheinon6@cnbc.com,Agender,193.39.105.105
836,Lorne,Shemwell,lshemwelln7@adobe.com,Genderqueer,9.192.38.197
837,Hetti,Dominiak,hdominiakn8@gravatar.com,Non-binary,71.121.63.107
838,Viva,Whitman,vwhitmann9@va.gov,Genderqueer,34.181.231.244
839,Barclay,Gane,bganena@marriott.com,Polygender,229.130.176.168
840,Aldrich,Yu,ayunb@about.me,Bigender,205.218.15.127
841,Rea,Cotterell,rcotterellnc@dion.ne.jp,Polygender,15.65.162.35
842,Roch,Skelbeck,rskelbecknd@marketwatch.com,Bigender,242.125.194.61
843,Adolph,Thorold,athoroldne@senate.gov,Agender,216.123.14.207
844,La verne,O'Concannon,loconcannonnf@youku.com,Female,141.100.248.48
845,Alaine,Hayden,ahaydenng@blogger.com,Genderfluid,118.26.136.132
846,Stella,Andrioli,sandriolinh@ox.ac.uk,Male,43.216.109.194
847,Whitney,Greedy,wgreedyni@reuters.com,Female,99.18.56.15
848,Penrod,Tofanelli,ptofanellinj@dmoz.org,Bigender,130.206.5.122
849,Rosaleen,Moyle,rmoylenk@amazon.co.uk,Agender,39.200.196.104
850,Harley,Linstead,hlinsteadnl@sourceforge.net,Male,207.73.82.196
851,Iago,Handforth,ihandforthnm@hatena.ne.jp,Bigender,180.194.212.147
852,Theadora,Ledingham,tledinghamnn@csmonitor.com,Non-binary,173.134.31.151
853,Dominique,Mellers,dmellersno@cdc.gov,Non-binary,83.199.115.126
854,Garnet,Kliemchen,gkliemchennp@google.com.br,Male,168.198.27.169
855,Joe,McSwan,jmcswannq@hexun.com,Non-binary,142.195.0.98
856,Tedda,Cornely,tcornelynr@xing.com,Genderqueer,253.82.33.242
857,Nikolaus,Baudon,nbaudonns@nyu.edu,Female,104.110.250.197
858,Craggie,Lacaze,clacazent@google.de,Agender,67.134.72.132
859,Anson,Scemp,ascempnu@tripadvisor.com,Male,46.16.39.229
860,Tammie,Subhan,tsubhannv@vistaprint.com,Non-binary,242.39.176.30
861,Ethelred,Gulston,egulstonnw@time.com,Polygender,2.209.125.146
862,Temp,Davidovics,tdavidovicsnx@cdbaby.com,Genderqueer,43.108.66.98
863,Delora,Clementi,dclementiny@earthlink.net,Genderfluid,79.96.145.246
864,Xylina,Bottell,xbottellnz@blogger.com,Female,21.199.78.48
865,Emmi,Boyne,eboyneo0@scientificamerican.com,Male,36.127.7.121
866,Papagena,Hegdonne,phegdonneo1@blinklist.com,Genderqueer,96.176.227.72
867,Lon,Corroyer,lcorroyero2@microsoft.com,Agender,68.183.224.85
868,Kacy,Rymour,krymouro3@psu.edu,Female,210.70.130.242
869,My,Sizzey,msizzeyo4@gnu.org,Bigender,133.229.7.108
870,Priscilla,Swanne,pswanneo5@comsenz.com,Agender,27.239.175.224
871,Beverley,Bartholomew,bbartholomewo6@ucla.edu,Polygender,24.247.34.82
872,Tova,Waycot,twaycoto7@liveinternet.ru,Bigender,51.10.10.49
873,Kellie,Adami,kadamio8@sina.com.cn,Agender,198.151.143.133
874,Pedro,Bertin,pbertino9@wikimedia.org,Female,137.115.131.20
875,Vikki,Stowers,vstowersoa@msu.edu,Non-binary,247.247.189.57
876,Damon,Cannell,dcannellob@usnews.com,Genderfluid,37.149.129.232
877,Morley,Hudel,mhudeloc@springer.com,Female,184.156.215.44
878,Seka,Knivett,sknivettod@senate.gov,Female,181.166.14.5
879,Karry,Youell,kyouelloe@hatena.ne.jp,Female,133.78.134.94
880,Bertine,Tunniclisse,btunniclisseof@fotki.com,Agender,161.201.93.203
881,Axe,Firpo,afirpoog@usgs.gov,Male,121.97.209.77
882,Halette,Dell,hdelloh@furl.net,Female,196.174.93.84
883,Tildi,MacUchadair,tmacuchadairoi@cmu.edu,Genderfluid,59.41.209.207
884,Linnea,Carvilla,lcarvillaoj@ovh.net,Male,166.142.82.101
885,Karissa,Lindsey,klindseyok@usgs.gov,Bigender,223.99.221.41
886,Kele,Chattington,kchattingtonol@cmu.edu,Agender,14.108.231.47
887,Bentley,Hamilton,bhamiltonom@friendfeed.com,Bigender,9.127.140.240
888,Catina,Gullis,cgullison@twitter.com,Genderqueer,76.197.61.166
889,Nicky,O' Mara,nomaraoo@blogger.com,Genderqueer,197.212.18.125
890,Ben,Borgne,bborgneop@chronoengine.com,Polygender,32.199.1.19
891,Greta,Pummell,gpummelloq@samsung.com,Genderfluid,24.29.34.82
892,Florida,Midford,fmidfordor@state.gov,Genderqueer,178.141.195.185
893,Max,Wrout,mwroutos@edublogs.org,Genderfluid,203.145.47.245
894,Ruby,Birds,rbirdsot@uol.com.br,Genderqueer,145.183.67.13
895,Jillana,Parlett,jparlettou@oakley.com,Polygender,159.213.112.33
896,Jean,Meeland,jmeelandov@ovh.net,Genderqueer,133.15.6.180
897,Gibbie,Curnnok,gcurnnokow@wunderground.com,Male,244.70.118.244
898,Perl,Lindstedt,plindstedtox@hibu.com,Non-binary,45.107.190.126
899,Jess,Jervis,jjervisoy@opera.com,Non-binary,27.11.84.229
900,Gilles,Coper,gcoperoz@boston.com,Male,177.91.201.253
901,Coop,McGilroy,cmcgilroyp0@usda.gov,Polygender,148.18.158.46
902,Bobine,Stonebanks,bstonebanksp1@about.com,Non-binary,0.130.46.84
903,Elnar,Fenix,efenixp2@indiegogo.com,Bigender,208.109.172.84
904,Germain,Gosswell,ggosswellp3@hc360.com,Non-binary,55.220.220.128
905,Viola,Grimshaw,vgrimshawp4@xinhuanet.com,Genderfluid,184.222.164.183
906,Sheena,Dungey,sdungeyp5@abc.net.au,Genderqueer,209.51.135.85
907,Vidovic,Coghill,vcoghillp6@phoca.cz,Genderqueer,17.37.239.18
908,Car,Pack,cpackp7@yahoo.co.jp,Male,1.24.201.218
909,Edie,Wickling,ewicklingp8@cocolog-nifty.com,Female,219.88.26.167
910,Meridel,Ebdon,mebdonp9@deliciousdays.com,Female,118.104.227.208
911,Bondy,Drust,bdrustpa@weebly.com,Genderqueer,197.238.51.43
912,Weylin,Tuison,wtuisonpb@prweb.com,Genderqueer,217.45.156.95
913,Randie,Tubritt,rtubrittpc@businessinsider.com,Female,125.135.33.244
914,Dode,Markey,dmarkeypd@nhs.uk,Genderqueer,235.255.161.117
915,Fabien,Learoyd,flearoydpe@lycos.com,Genderqueer,70.101.183.0
916,Lars,Snape,lsnapepf@bluehost.com,Bigender,200.249.9.117
917,Mickey,Camfield,mcamfieldpg@t-online.de,Female,106.197.89.167
918,Bucky,Beedham,bbeedhamph@wisc.edu,Non-binary,10.6.136.39
919,Louie,De La Haye,ldelahayepi@ifeng.com,Polygender,254.43.88.79
920,Lark,Mayman,lmaymanpj@ted.com,Genderfluid,253.40.124.94
921,Griz,Jiggins,gjigginspk@opensource.org,Male,19.65.117.196
922,Cynthy,Hamnet,chamnetpl@nbcnews.com,Non-binary,38.205.35.201
923,Bret,McKennan,bmckennanpm@elpais.com,Male,43.165.181.231
924,Staci,Handley,shandleypn@latimes.com,Male,51.14.152.198
925,Bobette,Tanswill,btanswillpo@amazon.co.uk,Non-binary,170.113.30.251
926,Lawrence,Coulman,lcoulmanpp@etsy.com,Bigender,69.91.51.90
927,Katlin,Orsay,korsaypq@altervista.org,Genderqueer,152.9.82.127
928,Gratia,Di Biaggi,gdibiaggipr@sphinn.com,Bigender,250.120.89.56
929,Consolata,Potzold,cpotzoldps@house.gov,Non-binary,91.242.54.193
930,Arny,Vasenin,avaseninpt@accuweather.com,Non-binary,195.44.195.93
931,Harper,Neil,hneilpu@latimes.com,Non-binary,12.78.200.120
932,Benjie,Forte,bfortepv@so-net.ne.jp,Polygender,235.235.176.185
933,Phylys,Archdeacon,parchdeaconpw@nyu.edu,Bigender,6.146.117.129
934,Iver,Leyshon,ileyshonpx@cnbc.com,Bigender,153.165.148.113
935,Alair,Havile,ahavilepy@wikia.com,Non-binary,169.9.206.223
936,Marga,Dimock,mdimockpz@nbcnews.com,Male,196.35.17.7
937,Staffard,Sibthorpe,ssibthorpeq0@npr.org,Polygender,77.78.2.114
938,Paulita,Goodison,pgoodisonq1@devhub.com,Non-binary,132.26.66.235
939,Margaretta,Siddele,msiddeleq2@360.cn,Female,105.116.183.127
940,Amalle,Shillington,ashillingtonq3@live.com,Male,167.136.66.190
941,Garrick,Moseley,gmoseleyq4@prnewswire.com,Genderfluid,143.141.71.8
942,Shandeigh,Charnley,scharnleyq5@phoca.cz,Genderqueer,205.55.79.173
943,Mattheus,Brimble,mbrimbleq6@discovery.com,Polygender,226.99.18.224
944,Shaylah,Hewertson,shewertsonq7@chronoengine.com,Male,170.221.20.102
945,Lara,Buten,lbutenq8@home.pl,Non-binary,98.176.63.122
946,Clotilda,Dziwisz,cdziwiszq9@sphinn.com,Polygender,223.200.235.166
947,Zia,Leonard,zleonardqa@ehow.com,Agender,105.24.202.158
948,Tomasine,Vagges,tvaggesqb@networkadvertising.org,Bigender,239.226.107.5
949,Karena,Tunnow,ktunnowqc@xinhuanet.com,Agender,38.107.1.41
950,Martie,Munroe,mmunroeqd@fastcompany.com,Female,56.153.197.185
951,Jesse,McIndoe,jmcindoeqe@answers.com,Non-binary,159.220.182.236
952,Myrta,Yepiskov,myepiskovqf@ebay.co.uk,Non-binary,100.34.170.181
953,Stoddard,Conybear,sconybearqg@fotki.com,Genderqueer,231.30.86.61
954,Myca,Thurlborn,mthurlbornqh@theguardian.com,Male,127.216.67.221
955,Eldin,Sumpter,esumpterqi@baidu.com,Genderqueer,166.100.48.209
956,Orland,Meade,omeadeqj@gnu.org,Male,43.68.77.221
957,Carce,Hayth,chaythqk@yolasite.com,Genderqueer,174.75.86.220
958,Ambros,Brend,abrendql@infoseek.co.jp,Polygender,187.98.58.92
959,Grover,Bufton,gbuftonqm@bigcartel.com,Female,26.29.211.92
960,Clywd,Shelvey,cshelveyqn@imgur.com,Genderfluid,45.208.156.108
961,Meredeth,Lintin,mlintinqo@npr.org,Polygender,119.212.166.241
962,Ann,Toler,atolerqp@skype.com,Genderfluid,28.26.180.134
963,Kirsten,Martlew,kmartlewqq@archive.org,Male,77.218.48.250
964,Germayne,Provis,gprovisqr@abc.net.au,Agender,132.56.87.124
965,Jemmie,Stracey,jstraceyqs@histats.com,Female,95.199.118.140
966,Dyanna,Hallin,dhallinqt@mlb.com,Female,61.237.214.229
967,Clerc,Pischoff,cpischoffqu@list-manage.com,Female,12.86.3.38
968,Adan,ffrench Beytagh,affrenchbeytaghqv@icq.com,Polygender,15.167.195.4
969,Raynell,Neeson,rneesonqw@amazon.com,Non-binary,84.59.56.181
970,Brandi,Hayzer,bhayzerqx@ed.gov,Female,223.107.13.42
971,Gwenora,Robjents,grobjentsqy@upenn.edu,Male,140.119.13.247
972,Nicolas,Sealeaf,nsealeafqz@smh.com.au,Male,55.193.143.222
973,Rosemaria,Pedrol,rpedrolr0@redcross.org,Genderqueer,237.195.200.175
974,Romonda,Schreurs,rschreursr1@geocities.jp,Male,192.224.33.98
975,Codi,Blackston,cblackstonr2@trellian.com,Genderfluid,19.119.166.58
976,Tiphani,Marjanski,tmarjanskir3@oaic.gov.au,Genderqueer,133.69.226.84
977,Lucina,Leggan,llegganr4@flickr.com,Female,221.115.206.47
978,Emory,Bretelle,ebreteller5@discuz.net,Genderfluid,225.19.112.38
979,Carry,Jonczyk,cjonczykr6@google.co.uk,Male,238.53.107.230
980,Gabriella,Cantopher,gcantopherr7@msn.com,Genderfluid,175.72.205.51
981,Felipa,O'Cullen,focullenr8@bloglines.com,Female,179.120.29.2
982,Sharl,Rannie,srannier9@newsvine.com,Non-binary,172.98.174.141
983,Ada,Hardson,ahardsonra@hhs.gov,Female,130.31.196.248
984,Brannon,Pallesen,bpallesenrb@tripod.com,Bigender,96.163.122.174
985,Kelsey,Gabel,kgabelrc@bravesites.com,Genderqueer,134.33.143.196
986,Cleopatra,Vearnals,cvearnalsrd@nydailynews.com,Genderqueer,5.117.79.188
987,Ginelle,Rappport,grappportre@eepurl.com,Non-binary,226.6.0.38
988,Bamby,Yateman,byatemanrf@gizmodo.com,Non-binary,199.159.140.101
989,Eudora,Segrott,esegrottrg@webnode.com,Male,238.150.210.177
990,Federico,Spieght,fspieghtrh@microsoft.com,Female,138.68.184.47
991,Jasmin,Meller,jmellerri@narod.ru,Male,20.91.145.187
992,Onofredo,Peach,opeachrj@newyorker.com,Bigender,207.116.255.103
993,Kerwinn,O'Kieran,kokieranrk@lycos.com,Genderqueer,10.194.205.28
994,Dominique,Caps,dcapsrl@github.com,Polygender,247.156.153.158
995,Pasquale,Artingstall,partingstallrm@chicagotribune.com,Bigender,50.90.63.134
996,Mayor,Hastelow,mhastelowrn@jigsy.com,Female,250.43.34.29
997,Dre,Larrat,dlarratro@cmu.edu,Bigender,98.128.241.161
998,Phillida,Tynnan,ptynnanrp@amazon.com,Genderqueer,241.151.176.203
999,Randy,Berney,rberneyrq@blogtalkradio.com,Polygender,72.95.130.252
1000,Elane,Whiff,ewhiffrr@biblegateway.com,Genderqueer,105.83.26.237
